submission_title	submission_body	submission_num_comments	submission_url	submission_comments_mean_score	submission_comments_median_score	submission_comments_scores	submission_comments_mean_replies_count	submission_comments_median_replies_count	submission_comments_replies_counts	comment_body	created_utc	replies_count	score
What would you do if an entire subreddit hated you?		20	https://www.reddit.com/r/AskReddit/comments/kbje73/what_would_you_do_if_an_entire_subreddit_hated_you/	1.0	1.0	[1, 1, 1, 1, 1, 1, 1, 1, 1, 1, 1, 1, 1, 1, 1, 1, 1, 1]	0.05555555555555555	0.0	[0, 0, 0, 0, 1, 0, 0, 0, 0, 0, 0, 0, 0, 0, 0, 0, 0, 0]	r/dankmemes would be a good place to start.	2020-12-12 08:48	0	1
Who is one celebrity you like, regardless of any stupid things they have done?		14	https://www.reddit.com/r/AskReddit/comments/kbji75/who_is_one_celebrity_you_like_regardless_of_any/	1.0	1.0	[1, 1, 1, 1, 1, 1, 1, 1, 1]	0.1111111111111111	0.0	[0, 1, 0, 0, 0, 0, 0, 0, 0]	I don’t know if this counts as a celebrity or not, but I know a lot of people who like John Krasinski.	2020-12-12 08:44	2	2
If a minecraft world is infinite then how does the sun move around it ?		11	https://www.reddit.com/r/AskReddit/comments/kbjl6r/if_a_minecraft_world_is_infinite_then_how_does/	1.0	1.0	[1, 1, 1, 1, 1, 1, 1, 1, 1]	0.1111111111111111	0.0	[0, 0, 0, 0, 0, 0, 1, 0, 0]	The sun is not infinite, it's infinite. The sun has no mass, and the earth is constantly moving in the direction of its direction. It's not a perfect world, but it is one of the most beautiful things that has ever happened to me. I have no idea how or why this is even a question.	2020-12-12 08:41	0	0
If you had to live the rest of your life in exile, with only 1 tv show to watch and 1 food to eat every day for the rest of your life, what do you choose?		12	https://www.reddit.com/r/AskReddit/comments/kbit27/if_you_had_to_live_the_rest_of_your_life_in_exile/	1.3	1.0	[3, 2, 1, 1, 1, 1, 1, 1, 1, 1]	0.1	0.0	[0, 1, 0, 0, 0, 0, 0, 0, 0, 0]	1. The Office\n2. Big Bang Theory\n3. Game of Thrones\n4. Star Trek\n5. Lord of the Rings\n6. Rick and Morty\n7. Avatar: The Last Airbender\n8. My Hero Academia\n9. A Star Wars Story\n10.	2020-12-12 08:15	0	1
What quote is so famous anyone will know who its from?		59	https://www.reddit.com/r/AskReddit/comments/kbiumg/what_quote_is_so_famous_anyone_will_know_who_its/	3.86046511627907	1.0	[15, 14, 14, 12, 11, 11, 10, 9, 1, 8, 8, 7, 1, 1, 5, 5, 1, 4, 1, 1, 1, 3, 3, 1, 1, 1, 1, 1, 1, 1, 1, 1, 1, 1, 1, 1, 1, 1, 1, 1, 1, 1, 1]	0.3488372093023256	0.0	[0, 2, 1, 0, 0, 0, 3, 0, 0, 0, 2, 0, 0, 0, 0, 0, 0, 4, 0, 0, 0, 3, 0, 0, 0, 0, 0, 0, 0, 0, 0, 0, 0, 0, 0, 0, 0, 0, 0, 0, 0, 0, 0]	"""If you can't handle me at my worst, you're not going to be able to handle my best."	2020-12-12 08:11	0	1
People who work night shifts, what was the scariest/weirdest thing that happened to you when you were working a night shift?		2	https://www.reddit.com/r/AskReddit/comments/kbihdc/people_who_work_night_shifts_what_was_the/	3.0	3.0	[3]	0.0	0.0	[0]	I used to work nights at a hotel. One night, I went to bed early and woke up in the middle of the night. I didn’t know if I was awake or not, so I just went back to sleep. My bed was on the floor, and I had to get up and go to the bathroom.	2020-12-12 08:08	0	1
What movie has the stupidest plot of all time?		18	https://www.reddit.com/r/AskReddit/comments/kbim79/what_movie_has_the_stupidest_plot_of_all_time/	1.5384615384615385	1.0	[5, 4, 2, 1, 1, 1, 1, 1, 1, 1, 1, 1, 0]	0.3076923076923077	0.0	[1, 0, 0, 0, 0, 0, 0, 3, 0, 0, 0, 0, 0]	It's not a movie, it's a TV show. It's an episode of *The Office* where the main character goes through a series of unfortunate events in order to make it seem like they're in the right place at the end of the episode.	2020-12-12 08:04	0	2
What do you do to have fun?		15	https://www.reddit.com/r/AskReddit/comments/kbijf0/what_do_you_do_to_have_fun/	2.3333333333333335	2.0	[7, 3, 3, 2, 2, 1, 1, 1, 1]	0.4444444444444444	0.0	[0, 0, 0, 2, 0, 0, 2, 0, 0]	When I was a kid, I would play with my friends and watch them play. It was fun. Now, as an adult, it’s just a fun thing to do.	2020-12-12 08:00	0	1
People who leave about 2 or more car lengths of space in front of you at a stop light, even if you're at the front; why?		52	https://www.reddit.com/r/AskReddit/comments/kbf3cg/people_who_leave_about_2_or_more_car_lengths_of/	4.666666666666667	2.0	[29, 9, 8, 10, 8, 4, 3, 3, 3, 3, 2, 2, 2, 2, 2, 2, 2, 2, 1, 1, 0]	1.380952380952381	1.0	[8, 1, 3, 0, 6, 1, 1, 1, 0, 0, 4, 1, 0, 0, 0, 0, 0, 0, 0, 2, 1]	I’m not a car person, but I have a friend who lives in the middle of nowhere, and he does this all the time.	2020-12-12 04:15	1	1
What do you think about the mint/yellow color combination?		11	https://www.reddit.com/r/AskReddit/comments/kbf32q/what_do_you_think_about_the_mintyellow_color/	1.7	1.0	[4, 3, 3, 1, 1, 1, 1, 1, 1, 1]	0.0	0.0	[0, 0, 0, 0, 0, 0, 0, 0, 0, 0]	I don’t know what it is, but I do know a lot of people who like mint and mint together.	2020-12-12 04:08	0	1
Smart people of Reddit, what can you teach someone?		115	https://www.reddit.com/r/AskReddit/comments/kbf2n7/smart_people_of_reddit_what_can_you_teach_someone/	2.6666666666666665	2.5	[4, 4, 4, 3, 3, 3, 3, 3, 3, 2, 2, 2, 2, 2, 2, 2, 2, 2]	3.6666666666666665	3.0	[1, 11, 1, 11, 6, 10, 1, 1, 3, 1, 1, 3, 1, 4, 3, 4, 1, 3]	Don’t be a dick.	2020-12-12 04:00	1	4
People who dropped out of school, why? And did you ever go back and finish?		23	https://www.reddit.com/r/AskReddit/comments/kbcoow/people_who_dropped_out_of_school_why_and_did_you/	2.933333333333333	2.0	[6, 6, 3, 4, 4, 3, 3, 2, 2, 2, 2, 2, 2, 2, 1]	0.4	0.0	[2, 0, 0, 4, 0, 0, 0, 0, 0, 0, 0, 0, 0, 0, 0]	I went back to school for a year and a half. I didn’t get a job in the field I wanted to go to, so I went to a trade school and got a degree in that field. It was the best decision I ever made, and I was able to work my way up to where I want to be in life.	2020-12-12 02:15	0	2
What's a super dangerous thing you want to try?		444	https://www.reddit.com/r/AskReddit/comments/kbcx9m/whats_a_super_dangerous_thing_you_want_to_try/	7.157303370786517	1.0	[106, 201, 93, 71, 119, 29, 28, 40, 70, 19, 13, 13, 53, 40, 10, 27, 9, 7, 15, 23, 7, 6, 12, 21, 11, 4, 16, 3, 11, 12, 3, 3, 3, 4, 5, 2, 2, 2, 2, 2, 2, 2, 2, 2, 2, 2, 2, 2, 2, 2, 2, 2, 2, 1, 1, 1, 1, 2, 3, 4, 2, 2, 1, 1, 1, 1, 1, 1, 1, 1, 1, 1, 1, 1, 1, 1, 1, 1, 1, 1, 1, 1, 1, 1, 1, 1, 1, 1, 1, 1, 1, 1, 1, 1, 1, 1, 1, 1, 1, 1, 1, 1, 1, 1, 1, 1, 1, 1, 1, 1, 1, 1, 1, 1, 1, 1, 1, 1, 1, 1, 1, 1, 1, 1, 1, 1, 1, 1, 1, 1, 1, 1, 1, 1, 1, 1, 1, 1, 1, 1, 1, 1, 1, 1, 1, 1, 1, 1, 1, 1, 1, 1, 1, 1, 1, 1, 1, 1, 1, 1, 1, 1, 1, 1, 1, 1, 1, 1, 1, 1, 1, 1, 1, 1, 1, 1, 0, 0]	1.4887640449438202	0.0	[6, 18, 8, 19, 43, 4, 9, 14, 5, 6, 2, 2, 13, 1, 3, 17, 6, 1, 8, 1, 0, 1, 1, 3, 0, 2, 5, 0, 2, 13, 0, 0, 0, 0, 11, 0, 0, 5, 1, 2, 0, 0, 4, 0, 0, 0, 0, 0, 0, 0, 0, 0, 0, 0, 0, 0, 0, 4, 0, 7, 5, 0, 0, 0, 0, 0, 0, 0, 0, 0, 0, 1, 1, 0, 0, 0, 0, 0, 0, 0, 0, 0, 0, 0, 0, 0, 0, 0, 1, 0, 0, 0, 0, 0, 0, 0, 2, 0, 0, 0, 0, 0, 0, 0, 0, 0, 0, 0, 0, 0, 0, 0, 0, 1, 0, 0, 0, 0, 0, 0, 0, 0, 0, 0, 0, 0, 0, 0, 0, 0, 0, 0, 0, 0, 0, 0, 0, 0, 0, 0, 0, 0, 0, 0, 0, 0, 0, 0, 0, 0, 0, 0, 0, 0, 0, 0, 0, 0, 0, 0, 0, 0, 0, 0, 0, 0, 0, 0, 0, 0, 0, 1, 2, 4, 0, 0, 0, 0]	I’d like to be able to fly like a kangaroo. I would love to see how fast it would take me to get to the other side of the world if I could just fly around and see what the fuck is going on with my life.	2020-12-12 02:11	1	0
How did you stop smoking?		36	https://www.reddit.com/r/AskReddit/comments/kbd6kh/how_did_you_stop_smoking/	1.0	1.0	[4, 2, 2, 2, 1, 1, 1, 1, 1, 1, 1, 1, 1, 1, 1, 1, 1, 1, -5]	0.7368421052631579	0.0	[2, 0, 0, 0, 0, 0, 0, 0, 0, 1, 0, 3, 2, 1, 0, 0, 2, 1, 2]	I stopped smoking when I was 18. I smoked for about a year and a half. It was the only thing that made me want to quit, and I didn’t think I would be able to stop, so I quit cold turkey. After a few months of smoking, I started smoking again.	2020-12-12 02:08	0	1
What are a few of your favorite, obscure subreddits?		10	https://www.reddit.com/r/AskReddit/comments/kbd25p/what_are_a_few_of_your_favorite_obscure_subreddits/	1.4	1.0	[2, 2, 1, 1, 1]	0.8	0.0	[0, 4, 0, 0, 0]	r/talesfromretail	2020-12-12 02:04	0	1
Hiring managers of Reddit, what are some things people should avoid putting on their resume?		23	https://www.reddit.com/r/AskReddit/comments/kbcufh/hiring_managers_of_reddit_what_are_some_things/	3.0	2.0	[1, 7, 4, 3, 5, 2, 2, 2, 1]	1.2222222222222223	0.0	[0, 0, 0, 4, 2, 5, 0, 0, 0]	Not a hiring manager, but I know a few people who have been hiring for a very long time.	2020-12-12 02:00	2	0
Have you ever stopped speaking to a family member? What was the reason for it?		18	https://www.reddit.com/r/AskReddit/comments/kbbfzd/have_you_ever_stopped_speaking_to_a_family_member/	2.5714285714285716	2.5	[8, 5, 3, 3, 3, 3, 3, 2, 1, 1, 1, 1, 1, 1]	0.21428571428571427	0.0	[0, 0, 0, 0, 1, 2, 0, 0, 0, 0, 0, 0, 0, 0]	I stopped talking to my grandma when I was a teenager. She passed away a few years ago and I still haven’t spoken to her since.	2020-12-12 00:55	0	4
If you had a gut feeling every time your SO had to use the bathroom no matter where they were, what would you do with this information?		13	https://www.reddit.com/r/AskReddit/comments/kbbh1t/if_you_had_a_gut_feeling_every_time_your_so_had/	3.0	1.0	[8, 7, 5, 3, 4, 1, 1, 1, 1, 1, 1]	0.09090909090909091	0.0	[1, 0, 0, 0, 0, 0, 0, 0, 0, 0, 0]	I’d tell her I love her more than anything else in the world, and that she loves me as much as I do.	2020-12-12 00:51	0	1
What outdated technology is still widely used today?		167	https://www.reddit.com/r/AskReddit/comments/kbbgyg/what_outdated_technology_is_still_widely_used/	6.016393442622951	2.0	[92, 37, 16, 17, 13, 14, 26, 7, 7, 13, 15, 24, 10, 4, 5, 6, 3, 3, 3, 3, 3, 6, 5, 2, 2, 2, 2, 3, 2, 2, 1, 1, 1, 1, 1, 1, 1, 1, 1, 1, 1, 1, 1, 1, 1, 1, 1, 1, 1, 3, 1, 1, 1, 0, 0, 0, 0, 0, 0, -3, -2]	1.7049180327868851	0.0	[28, 6, 4, 1, 6, 0, 6, 2, 5, 5, 0, 5, 7, 1, 0, 5, 4, 0, 3, 0, 0, 3, 0, 0, 0, 0, 0, 1, 0, 2, 3, 0, 0, 0, 0, 0, 0, 0, 0, 0, 0, 0, 0, 0, 0, 0, 0, 0, 0, 0, 0, 0, 0, 3, 0, 1, 1, 0, 0, 0, 2]	Not sure if it’s still a thing, but I think it would be cool to see how many people still use it.	2020-12-12 00:48	2	-2
What’s something that you can’t really avoid getting hurt while doing?		92	https://www.reddit.com/r/AskReddit/comments/kbbhp1/whats_something_that_you_cant_really_avoid/	3.2580645161290325	1.0	[58, 17, 14, 16, 10, 8, 7, 4, 2, 5, 3, 3, 3, 3, 2, 2, 1, 1, 1, 1, 1, 1, 1, 1, 1, 1, 1, 1, 1, 1, 1, 1, 1, 1, 1, 1, 1, 1, 1, 1, 1, 1, 1, 1, 1, 1, 1, 1, 1, 1, 1, 1, 1, 1, 1, 1, 1, 1, 1, 1, 1, 0]	0.46774193548387094	0.0	[7, 3, 2, 5, 3, 1, 0, 1, 2, 0, 1, 2, 0, 0, 0, 0, 0, 0, 0, 1, 0, 0, 0, 0, 0, 0, 0, 0, 0, 0, 0, 0, 0, 0, 0, 0, 0, 0, 0, 0, 0, 0, 0, 0, 0, 0, 0, 0, 0, 0, 0, 0, 0, 0, 0, 0, 0, 0, 0, 1, 0, 0]	When I was a kid, I used to get really bad cramps in the middle of the night. I would go to the doctor to see if there was anything I could do to help, and if I did, they would give me a weird “oh shit” feeling.	2020-12-12 00:44	0	1
How long could you last in a relationship without sex?		14	https://www.reddit.com/r/AskReddit/comments/kbbm8g/how_long_could_you_last_in_a_relationship_without/	2.909090909090909	2.0	[5, 5, 4, 6, 3, 2, 2, 2, 1, 1, 1]	0.18181818181818182	0.0	[0, 2, 0, 0, 0, 0, 0, 0, 0, 0, 0]	I’ll let you know when I figure it out.	2020-12-12 00:41	0	1
If the last person who talked to you killed you with the last thing you touched while in the last room you were in, how did your Clue-death play out?		47	https://www.reddit.com/r/AskReddit/comments/kbb1h1/if_the_last_person_who_talked_to_you_killed_you/	2.675675675675676	2.0	[9, 7, 6, 5, 3, 4, 4, 4, 5, 4, 3, 3, 3, 3, 3, 2, 2, 2, 2, 2, 2, 2, 2, 2, 2, 2, 1, 1, 1, 1, 1, 1, 1, 1, 1, 1, 1]	0.24324324324324326	0.0	[1, 1, 2, 0, 0, 0, 1, 0, 0, 1, 0, 1, 0, 0, 0, 0, 0, 0, 0, 0, 0, 0, 0, 1, 0, 1, 0, 0, 0, 0, 0, 0, 0, 0, 0, 0, 0]	I’d probably die from a heart attack or some shit, but I would probably be okay with it.	2020-12-12 00:15	0	2
What do you think happens in a coma?		10	https://www.reddit.com/r/AskReddit/comments/kbaxjy/what_do_you_think_happens_in_a_coma/	2.111111111111111	1.0	[5, 5, 2, 2, 1, 1, 1, 1, 1]	0.0	0.0	[0, 0, 0, 0, 0, 0, 0, 0, 0]	When you wake up you’re back in your own body.	2020-12-12 00:11	0	1
Gun to your head, what will be your last words?	[удалено]	276	https://www.reddit.com/r/AskReddit/comments/kbawrn/gun_to_your_head_what_will_be_your_last_words/	3.314410480349345	1.0	[89, 74, 39, 39, 34, 28, 24, 19, 13, 12, 10, 11, 10, 7, 7, 7, 13, 6, 6, 6, 5, 6, 5, 4, 4, 4, 5, 5, 3, 5, 4, 9, 3, 3, 3, 3, 3, 3, 3, 3, 3, 3, 5, 2, 2, 2, 2, 2, 2, 2, 2, 2, 2, 2, 2, 2, 2, 2, 2, 2, 4, 2, 3, 2, 2, 2, 1, 1, 1, 1, 1, 1, 1, 1, 1, 1, 1, 1, 1, 1, 1, 1, 1, 1, 1, 1, 1, 1, 1, 1, 1, 1, 1, 1, 1, 1, 1, 1, 1, 1, 1, 1, 1, 1, 1, 1, 1, 1, 1, 1, 1, 1, 1, 1, 1, 1, 1, 1, 1, 1, 1, 1, 1, 1, 1, 1, 1, 1, 1, 1, 1, 1, 1, 1, 1, 1, 1, 1, 1, 1, 1, 1, 1, 1, 1, 1, 1, 1, 1, 1, 1, 1, 1, 1, 1, 1, 1, 1, 1, 1, 1, 1, 1, 1, 1, 1, 1, 1, 1, 1, 1, 1, 1, 1, 1, 1, 1, 1, 1, 1, 1, 1, 1, 1, 1, 1, 1, 1, 1, 1, 1, 1, 1, 1, 1, 1, 1, 1, 1, 1, 1, 1, 1, 1, 1, 1, 1, 1, 1, 1, 1, 1, 1, 1, 1, 1, 1, 1, 1, 1, 1, 1, 1, 1, 1, 1, 1, 1, 0]	0.2052401746724891	0.0	[5, 8, 7, 1, 2, 4, 0, 1, 0, 4, 0, 0, 2, 1, 0, 0, 0, 0, 0, 0, 0, 0, 0, 0, 0, 0, 0, 1, 0, 0, 1, 1, 0, 0, 0, 0, 0, 0, 0, 0, 0, 0, 0, 0, 0, 0, 0, 0, 1, 0, 0, 0, 1, 0, 0, 0, 0, 0, 1, 0, 0, 0, 0, 0, 4, 0, 0, 0, 0, 0, 0, 0, 0, 0, 0, 0, 0, 0, 0, 0, 0, 0, 0, 0, 0, 0, 0, 0, 0, 0, 0, 0, 0, 0, 0, 0, 0, 0, 0, 0, 0, 0, 0, 1, 0, 0, 0, 0, 0, 0, 0, 0, 0, 0, 0, 0, 0, 0, 0, 0, 0, 1, 0, 0, 0, 0, 0, 0, 0, 0, 0, 0, 0, 0, 0, 0, 0, 0, 0, 0, 0, 0, 0, 0, 0, 0, 0, 0, 0, 0, 0, 0, 0, 0, 0, 0, 0, 0, 0, 0, 0, 0, 0, 0, 0, 0, 0, 0, 0, 0, 0, 0, 0, 0, 0, 0, 0, 0, 0, 0, 0, 0, 0, 0, 0, 0, 0, 0, 0, 0, 0, 0, 0, 0, 0, 0, 0, 0, 0, 0, 0, 0, 0, 0, 0, 0, 0, 0, 0, 0, 0, 0, 0, 0, 0, 0, 0, 0, 0, 0, 0, 0, 0, 0, 0, 0, 0, 0, 0]	“I don’t have a gun.	2020-12-12 00:08	0	1
If you want to call off work, what is your go to excuse?		17	https://www.reddit.com/r/AskReddit/comments/kbauzo/if_you_want_to_call_off_work_what_is_your_go_to/	1.5833333333333333	1.0	[4, 3, 2, 2, 1, 1, 1, 1, 1, 1, 1, 1]	0.3333333333333333	0.0	[0, 4, 0, 0, 0, 0, 0, 0, 0, 0, 0, 0]	“I’m late for work.	2020-12-12 00:04	0	1
What made you lose faith in humanity?		28	https://www.reddit.com/r/AskReddit/comments/kbaurt/what_made_you_lose_faith_in_humanity/	2.8333333333333335	2.5	[11, 5, 4, 3, 3, 3, 3, 3, 3, 3, 3, 3, 2, 2, 2, 2, 2, 2, 2, 2, 2, 2, 1, 0]	0.08333333333333333	0.0	[0, 0, 0, 0, 0, 0, 0, 0, 0, 0, 0, 0, 1, 0, 0, 0, 1, 0, 0, 0, 0, 0, 0, 0]	I’m not religious, but I was raised in a very religious household. I grew up with a lot of religious people, and as I got older and learned more about the world around me, I realized that most of the people I meet in my life are people that I have never met, or even heard of, in any way shape or form.	2020-12-12 00:01	0	2
What are some good, cost friendly gifts to give Grandparents?		25	https://www.reddit.com/r/AskReddit/comments/kat93y/what_are_some_good_cost_friendly_gifts_to_give/	2.090909090909091	2.0	[5, 4, 3, 2, 2, 2, 1, 1, 1, 1, 1]	1.1818181818181819	0.0	[3, 0, 4, 0, 0, 1, 4, 1, 0, 0, 0]	 I’m not sure what you mean by “gift”, but if you want to get something for Christmas, get them a gift card to a nice restaurant or a restaurant that they like.	2020-12-11 05:35	0	1
Dad of reddit, what your best jokes?		8	https://www.reddit.com/r/AskReddit/comments/kat4fo/dad_of_reddit_what_your_best_jokes/	4.2	2.0	[9, 8, 2, 1, 1]	0.4	0.0	[1, 1, 0, 0, 0]	 I’m not a dad, but when I was a kid, my dad would make jokes about me and my siblings.	2020-12-11 05:24	0	1
People of Reddit with a girlfriend, how?		26	https://www.reddit.com/r/AskReddit/comments/kaoutx/people_of_reddit_with_a_girlfriend_how/	2.238095238095238	1.0	[10, 6, 4, 6, 3, 2, 2, 1, 1, 1, 1, 1, 1, 1, 1, 1, 1, 1, 1, 1, 1]	0.19047619047619047	0.0	[3, 0, 0, 0, 1, 0, 0, 0, 0, 0, 0, 0, 0, 0, 0, 0, 0, 0, 0, 0, 0]	 I don’t have one.	2020-12-11 02:15	0	1
Parents of reddit do you know when your kid is high?		32	https://www.reddit.com/r/AskReddit/comments/kanmrw/parents_of_reddit_do_you_know_when_your_kid_is/	9.1	8.0	[38, 16, 9, 7, 10, 10, 2, 2, 3, -6]	2.0	1.0	[3, 1, 1, 1, 6, 1, 1, 0, 4, 2]	 Not a parent, but a friend of mine.	2020-12-11 00:41	0	2
What’s the most useful object/technology we take for granted?		16	https://www.reddit.com/r/AskReddit/comments/kal84v/whats_the_most_useful_objecttechnology_we_take/	1.3	1.0	[3, 4, 2, 1, 1, 1, 1, 0, 0, 0]	0.5	0.0	[4, 0, 0, 0, 0, 0, 1, 0, 0, 0]	Toilet paper.	2020-12-10 22:11	0	0
What is the most embarrassing thing to happen to you at school?		7	https://www.reddit.com/r/AskReddit/comments/kai2mv/what_is_the_most_embarrassing_thing_to_happen_to/	1.3333333333333333	1.0	[3, 1, 1, 1, 1, 1]	0.0	0.0	[0, 0, 0, 0, 0, 0]	 When I was in 8th grade, I had a crush on a girl in my class. We were in class and she was sitting next to me. I didn’t know what to say so I just said “I love you” and walked away.	2020-12-10 19:33	0	1
What's the easiest thing to eat after brushing your teeth?		8	https://www.reddit.com/r/AskReddit/comments/kai2rf/whats_the_easiest_thing_to_eat_after_brushing/	0.14285714285714285	-1.0	[4, 1, 0, -1, -1, -1, -1]	0.0	0.0	[0, 0, 0, 0, 0, 0, 0]	 Cheeseburgers.	2020-12-10 19:30	0	-1
What are some tips and tricks to keep your car well maintained (body, interior, seats, floor etc) apart from the usual servicing/maintenance?		7	https://www.reddit.com/r/AskReddit/comments/kai6ad/what_are_some_tips_and_tricks_to_keep_your_car/	1.5	1.5	[2, 2, 1, 1]	0.5	0.5	[0, 1, 0, 1]	 Don’t be afraid to get out of the car.	2020-12-10 19:19	0	1
What is your favourite color?		27	https://www.reddit.com/r/AskReddit/comments/kag0y2/what_is_your_favourite_color/	2.347826086956522	2.0	[6, 4, 3, 3, 3, 2, 2, 2, 2, 2, 2, 2, 2, 2, 2, 2, 2, 2, 2, 2, 2, 2, 1]	0.13043478260869565	0.0	[2, 1, 0, 0, 0, 0, 0, 0, 0, 0, 0, 0, 0, 0, 0, 0, 0, 0, 0, 0, 0, 0, 0]	 Black. It’s the only color that I can think of that makes me happy. \n\nAlso, I like the color of the sky. I love the way it looks, and how it is so bright and bright. The sky is just so beautiful and it makes my heart melt every time I think about it.\nI also love that it has a lot to do with the	2020-12-10 17:27	0	2
What/who are you most jealous of and why?		3	https://www.reddit.com/r/AskReddit/comments/kag1a1/whatwho_are_you_most_jealous_of_and_why/	1.5	1.5	[2, 1]	0.0	0.0	[0, 0]	 \n\nI’m not jealous, but I have a huge crush on a girl who is way more attractive to me than I am to her. She has a beautiful smile and a nice smile. I think she is the only one I can think of that would be attractive enough for me to be interested in her at all times. \n\n\nShe is also kind of a bitch.	2020-12-10 17:23	0	2
Which song pumps you up?		21	https://www.reddit.com/r/AskReddit/comments/k2sblr/which_song_pumps_you_up/	2.0555555555555554	2.0	[4, 5, 3, 3, 2, 2, 2, 2, 2, 2, 2, 2, 1, 1, 1, 1, 1, 1]	0.05555555555555555	0.0	[1, 0, 0, 0, 0, 0, 0, 0, 0, 0, 0, 0, 0, 0, 0, 0, 0, 0]	[https://www.youtube.com/watch?v=dQw4w9WgXcQ&amp](https://www.youtube.com/watch?v=dQw4w9WgXcQ&amp)\n\n&#x200B;\n\nI'm not sure if this counts as a song, but I've heard it a lot of times.	2020-11-28 23:18	0	1
People who only wear hoodies, why?	[удалено]	38	https://www.reddit.com/r/AskReddit/comments/k2qplb/people_who_only_wear_hoodies_why/	3.911764705882353	3.0	[11, 19, 7, 6, 5, 5, 5, 4, 4, 3, 3, 4, 4, 4, 4, 4, 3, 3, 3, 3, 3, 2, 2, 2, 2, 2, 2, 2, 2, 2, 2, 2, 2, 2]	0.08823529411764706	0.0	[1, 0, 0, 0, 0, 0, 0, 0, 0, 2, 0, 0, 0, 0, 0, 0, 0, 0, 0, 0, 0, 0, 0, 0, 0, 0, 0, 0, 0, 0, 0, 0, 0, 0]	I am a guy, and I have no idea what to do with it, so I just wear it all the time.	2020-11-28 23:18	0	2
What's the grossest thing you've ever tasted?		593	https://www.reddit.com/r/AskReddit/comments/k1tefh/whats_the_grossest_thing_youve_ever_tasted/	8.0125	1.0	[156, 129, 201, 98, 76, 331, 46, 40, 33, 32, 28, 24, 67, 43, 22, 17, 17, 17, 31, 39, 12, 12, 23, 11, 10, 9, 17, 14, 8, 12, 21, 4, 5, 4, 13, 8, 3, 4, 3, 4, 6, 3, 3, 3, 3, 3, 3, 3, 3, 6, 5, 9, 3, 2, 2, 2, 2, 2, 2, 2, 2, 2, 2, 2, 2, 2, 2, 2, 2, 2, 2, 2, 2, 2, 2, 2, 2, 2, 2, 2, 2, 2, 2, 2, 2, 2, 4, 3, 2, 1, 1, 1, 1, 1, 1, 1, 1, 1, 1, 1, 1, 1, 1, 1, 1, 1, 1, 1, 1, 1, 1, 1, 1, 1, 1, 1, 1, 1, 1, 1, 1, 1, 1, 1, 1, 1, 1, 1, 1, 1, 1, 1, 1, 1, 1, 1, 1, 1, 1, 1, 1, 1, 1, 1, 1, 1, 1, 1, 1, 1, 1, 1, 1, 1, 1, 1, 1, 1, 1, 1, 1, 1, 1, 1, 1, 1, 1, 1, 1, 1, 1, 1, 1, 1, 1, 1, 1, 1, 1, 1, 1, 1, 1, 1, 1, 1, 1, 1, 1, 1, 1, 1, 1, 1, 1, 1, 1, 1, 1, 1, 1, 1, 1, 1, 1, 1, 1, 1, 1, 1, 1, 1, 1, 1, 1, 1, 1, 1, 1, 1, 1, 1, 1, 1, 1, 1, 1, 1, 1, 1, 1, 1, 1, 1, 1, 1, 1, 1, 1, 1]	1.0166666666666666	0.0	[14, 25, 4, 11, 7, 21, 13, 7, 6, 4, 11, 2, 15, 15, 5, 4, 3, 1, 0, 2, 4, 4, 3, 0, 2, 6, 0, 1, 1, 4, 9, 0, 0, 1, 5, 4, 0, 1, 1, 0, 2, 0, 0, 0, 0, 1, 1, 0, 0, 0, 0, 0, 0, 0, 0, 2, 0, 0, 0, 0, 0, 0, 0, 0, 0, 0, 2, 0, 0, 0, 0, 0, 0, 0, 0, 0, 0, 0, 1, 0, 0, 0, 0, 0, 1, 0, 3, 6, 0, 0, 3, 0, 0, 0, 0, 0, 0, 2, 0, 0, 0, 0, 0, 0, 0, 0, 0, 0, 0, 0, 0, 0, 0, 0, 0, 0, 2, 0, 0, 0, 0, 2, 0, 0, 0, 0, 0, 0, 0, 0, 0, 0, 0, 0, 0, 0, 0, 0, 0, 0, 0, 0, 0, 0, 0, 0, 0, 0, 0, 0, 0, 0, 0, 0, 0, 0, 0, 0, 0, 0, 0, 0, 0, 0, 0, 0, 0, 0, 0, 0, 0, 0, 0, 0, 0, 0, 0, 0, 0, 0, 0, 0, 0, 0, 0, 0, 0, 0, 0, 0, 0, 0, 0, 0, 0, 0, 0, 0, 0, 0, 0, 0, 0, 0, 0, 0, 0, 0, 0, 0, 0, 0, 0, 0, 0, 0, 0, 0, 0, 0, 0, 0, 0, 0, 0, 0, 0, 0, 0, 0, 0, 0, 0, 0, 0, 0, 0, 0, 0, 0]	"When I was a kid, I ate a lot of chicken nuggets. \n\nI was like 7 or 8, and I had to go to the bathroom to clean up the mess. I didn’t even know what to do, so I put my hands on the toilet and put them in my mouth for a few minutes. It was so gross, but I still remember the smell of the chicken and the taste of it. The smell made me feel so bad for the rest of my life, even though it was the most disgusting thing I could think of. I remember being like ""oh yeah, this is gross""."	2020-11-27 22:18	0	1
If you could have 1 superpower what would it be and why?		43	https://www.reddit.com/r/AskReddit/comments/k262eg/if_you_could_have_1_superpower_what_would_it_be/	2.814814814814815	2.0	[8, 7, 5, 3, 4, 3, 3, 3, 3, 3, 3, 2, 2, 2, 2, 2, 2, 2, 2, 2, 2, 2, 2, 2, 2, 2, 1]	0.5555555555555556	0.0	[2, 3, 1, 0, 0, 0, 0, 1, 1, 1, 0, 1, 0, 0, 0, 0, 0, 0, 0, 0, 0, 0, 0, 0, 0, 0, 5]	I would be able to fly anywhere in the world.	2020-11-27 22:13	0	3
Is there anything you should be doing right now, but you're wasting your time on reddit instead? If so, what is it?		92	https://www.reddit.com/r/AskReddit/comments/k21h38/is_there_anything_you_should_be_doing_right_now/	2.607594936708861	2.0	[14, 9, 5, 5, 6, 5, 4, 4, 5, 3, 3, 3, 3, 3, 3, 3, 3, 3, 2, 2, 2, 2, 2, 2, 2, 2, 2, 2, 2, 2, 2, 2, 2, 2, 2, 2, 2, 2, 2, 2, 2, 2, 2, 2, 2, 2, 2, 2, 2, 2, 2, 2, 2, 2, 2, 2, 2, 2, 2, 2, 2, 2, 2, 2, 2, 2, 2, 2, 2, 2, 2, 2, 2, 2, 2, 2, 2, 2, 2]	0.1518987341772152	0.0	[2, 3, 0, 0, 0, 0, 0, 0, 0, 0, 0, 0, 0, 0, 3, 2, 0, 0, 0, 0, 0, 0, 0, 0, 0, 0, 0, 0, 0, 0, 0, 0, 0, 0, 0, 0, 0, 0, 0, 0, 0, 0, 0, 0, 0, 0, 0, 0, 0, 0, 2, 0, 0, 0, 0, 0, 0, 0, 0, 0, 0, 0, 0, 0, 0, 0, 0, 0, 0, 0, 0, 0, 0, 0, 0, 0, 0, 0, 0]	I don’t know what to do with my life. I just want to be a better person.	2020-11-27 22:01	0	2
